topicId,P@10,P@50,MAP@100,MAP@20,system
401,0.7,0.62,0.6781664090631148,0.826032647907648,apl8c221
402,0.8,0.48,0.6502504216403785,0.867492266812258,apl8c221
403,1.0,0.4,0.8816835355480068,0.9678702731092438,apl8c221
404,0.4,0.28,0.3754289800594455,0.6427318295739347,apl8c221
405,0.6,0.3,0.4534656319975999,0.7230218855218855,apl8c221
406,0.6,0.26,0.4733312894303606,0.5673611111111112,apl8c221
407,0.8,0.4,0.598161331345376,0.8486509133567955,apl8c221
408,0.3,0.48,0.4363069656414043,0.43194444444444446,apl8c221
409,0.3,0.14,0.3767262753938327,0.7784090909090909,apl8c221
410,1.0,0.78,0.8724044683115693,1.0,apl8c221
411,0.7,0.3,0.6548113790191973,0.8250765710324531,apl8c221
412,0.1,0.12,0.16810897521199072,0.3269230769230769,apl8c221
413,0.7,0.46,0.5807228254890668,0.8291387905024267,apl8c221
414,0.2,0.16,0.26183996134160936,0.5348484848484848,apl8c221
415,1.0,0.76,0.8435344286724147,0.9689432595650346,apl8c221
416,0.4,0.38,0.4215097981725286,0.4732488271961956,apl8c221
417,0.8,0.42,0.5679728136125719,0.8026718981053346,apl8c221
418,0.8,0.4,0.5395329349840797,0.8348484848484848,apl8c221
419,0.1,0.14,0.2732741323719146,0.4658119658119659,apl8c221
420,0.8,0.34,0.648636593313735,0.8506597024979378,apl8c221
421,0.0,0.02,0.04790883140771678,0.0,apl8c221
422,0.3,0.46,0.4514116328472961,0.4076607420357421,apl8c221
423,0.9,0.32,0.833564818927336,0.9219122147693576,apl8c221
424,0.5,0.48,0.500135260029862,0.5747331375195153,apl8c221
425,0.7,0.52,0.5696863838335275,0.7144348492065212,apl8c221
426,0.3,0.14,0.21862241646692412,0.2648809523809524,apl8c221
427,0.4,0.34,0.39992209108929133,0.5289395363408521,apl8c221
428,0.5,0.5,0.5203760355541492,0.5997604304879847,apl8c221
429,0.1,0.18,0.17874834894559055,0.20604395604395606,apl8c221
430,0.3,0.12,0.6196581196581197,0.6196581196581197,apl8c221
431,0.8,0.66,0.73323064954441,0.9136687964812967,apl8c221
432,0.0,0.02,0.024390243902439025,0.0,apl8c221
433,0.0,0.08,0.07987012987012987,0.05,apl8c221
434,0.6,0.44,0.49291483403959135,0.7759181096681096,apl8c221
435,0.8,0.48,0.572555327399638,0.775512782710925,apl8c221
436,0.4,0.18,0.25078808977204287,0.38749999999999996,apl8c221
437,0.0,0.0,0.0,0.0,apl8c221
438,0.2,0.24,0.25151606961377,0.2533333333333333,apl8c221
439,0.0,0.04,0.046383146533831465,0.0,apl8c221
440,0.4,0.38,0.37017315564670195,0.40451196072971096,apl8c221
441,0.7,0.24,0.7063533484402356,0.8248638987275352,apl8c221
442,0.2,0.08,0.20967120825758162,0.46581196581196577,apl8c221
443,0.1,0.18,0.12913235587843028,0.10263157894736842,apl8c221
444,1.0,0.32,0.924178599178599,0.9532356532356532,apl8c221
445,0.7,0.28,0.5684120765268431,0.7571915584415584,apl8c221
446,0.8,0.54,0.624340883172244,0.8717479102094489,apl8c221
447,0.9,0.24,0.8843084668742561,0.8843084668742561,apl8c221
448,0.0,0.08,0.0973820789372863,0.05555555555555555,apl8c221
449,0.5,0.24,0.4888229904297091,0.6811579850795536,apl8c221
450,1.0,0.76,0.8389708140093814,0.9422712273763997,apl8c221
401,0.4,0.34,0.407549354289085,0.5176027676027677,att99ate
402,0.6,0.32,0.5396757426062502,0.7326206636500754,att99ate
403,0.9,0.42,0.8193715416072781,0.8856322997035072,att99ate
404,0.2,0.22,0.24351695090046271,0.25630952380952376,att99ate
405,0.3,0.22,0.2960763414069704,0.3764509300223586,att99ate
406,0.5,0.2,0.5316416407316301,0.66727145403616,att99ate
407,0.9,0.64,0.7459924378376163,0.929235649219202,att99ate
408,0.2,0.3,0.33998862160104604,0.38357362083589414,att99ate
409,0.1,0.08,0.2353836502231787,0.5588235294117647,att99ate
410,1.0,0.88,0.913773452885583,0.9973684210526316,att99ate
411,0.6,0.22,0.5997433080259827,0.7378472222222222,att99ate
412,0.9,0.68,0.7347704873086663,0.9088890866413175,att99ate
413,0.1,0.08,0.09737997355761414,0.11437908496732026,att99ate
414,0.4,0.22,0.35671656676044383,0.6196769616937684,att99ate
415,1.0,0.84,0.8958708388988466,1.0,att99ate
416,0.3,0.38,0.3615292877492333,0.35015196361945583,att99ate
417,0.0,0.02,0.05555555555555555,0.05555555555555555,att99ate
418,0.8,0.52,0.591753891990774,0.8337235133287766,att99ate
419,0.1,0.06,0.1116757025533467,0.18333333333333335,att99ate
420,0.9,0.32,0.6475030254909088,0.8473018879268878,att99ate
421,0.0,0.12,0.1263510454478811,0.12905982905982905,att99ate
422,0.5,0.32,0.38892373978704325,0.5230642712550606,att99ate
423,0.9,0.26,0.7221484533984536,0.8271647334147336,att99ate
424,0.4,0.14,0.22384885192209344,0.34524853801169586,att99ate
425,1.0,0.76,0.8327948841834667,0.9945983379501384,att99ate
426,0.0,0.06,0.05969707746023536,0.0,att99ate
427,0.4,0.22,0.339101430993044,0.6034544159544158,att99ate
428,0.2,0.4,0.39912959222516914,0.36859552824626357,att99ate
429,0.3,0.2,0.30183034089980915,0.3298611111111111,att99ate
430,0.3,0.12,0.31031746031746027,0.3708333333333333,att99ate
431,0.9,0.68,0.7677911301587377,0.9308980275722729,att99ate
432,0.0,0.0,0.0,0.0,att99ate
433,0.2,0.1,0.2161888764464352,0.2692982456140351,att99ate
434,0.6,0.62,0.6369361972892977,0.6610190641567162,att99ate
435,0.6,0.36,0.4070683186736505,0.4500407000407,att99ate
436,0.8,0.54,0.7277633757114302,0.8614451633104884,att99ate
437,0.0,0.08,0.07527456638952895,0.0,att99ate
438,0.3,0.24,0.29079429664726225,0.31737053795877324,att99ate
439,0.2,0.08,0.24602356406480114,0.5,att99ate
440,0.7,0.46,0.6465973740978249,0.8737771000928893,att99ate
441,0.7,0.28,0.6517733932859842,0.85,att99ate
442,0.0,0.0,0.011494252873563218,0.0,att99ate
443,0.5,0.22,0.33040997305644215,0.4357439526847422,att99ate
444,0.9,0.3,0.939674688057041,0.939674688057041,att99ate
445,0.8,0.4,0.6294959054079515,0.9192307692307692,att99ate
446,0.9,0.74,0.7634466327509934,0.8618476747424114,att99ate
447,0.0,0.08,0.11443659531287116,0.08333333333333333,att99ate
448,0.0,0.0,0.0,0.0,att99ate
449,0.5,0.2,0.3326149552077732,0.44133597883597875,att99ate
450,1.0,0.92,0.9340513158320919,1.0,att99ate
401,0.0,0.04,0.03837875437692609,0.0,Dm8Nbn
402,0.6,0.24,0.3377712828392319,0.4961451247165533,Dm8Nbn
403,0.6,0.32,0.4987390344121648,0.6287317620650954,Dm8Nbn
404,0.1,0.06,0.09112311591303189,0.2,Dm8Nbn
405,0.2,0.08,0.3198245614035088,0.3833333333333333,Dm8Nbn
406,0.2,0.04,0.8333333333333333,0.8333333333333333,Dm8Nbn
407,0.3,0.1,0.17593744602281192,0.34074074074074073,Dm8Nbn
408,0.1,0.2,0.23361885219995487,0.22251748251748255,Dm8Nbn
409,0.2,0.08,0.47697368421052627,0.6081871345029239,Dm8Nbn
410,0.5,0.22,0.36906966705300637,0.5023999183006536,Dm8Nbn
411,0.1,0.04,0.15000000000000002,0.15000000000000002,Dm8Nbn
412,0.0,0.0,0.02298817254174397,0.0,Dm8Nbn
413,0.5,0.2,0.3745977126970508,0.6082810047095762,Dm8Nbn
414,0.1,0.06,0.075090297407649,0.125,Dm8Nbn
415,0.3,0.22,0.3318101284210933,0.7282051282051282,Dm8Nbn
416,0.2,0.1,0.16218602825745682,0.23882783882783884,Dm8Nbn
417,0.0,0.0,0.01282051282051282,0.0,Dm8Nbn
418,0.4,0.12,0.5064644137224782,0.569047619047619,Dm8Nbn
419,0.1,0.02,0.13315789473684211,0.3333333333333333,Dm8Nbn
420,0.1,0.02,0.2604166666666667,0.5,Dm8Nbn
421,0.0,0.02,0.02631578947368421,0.0,Dm8Nbn
422,0.0,0.0,0.014492753623188406,0.0,Dm8Nbn
423,0.2,0.1,0.2611584798689118,0.625,Dm8Nbn
424,0.0,0.04,0.058308843292214856,0.058823529411764705,Dm8Nbn
425,0.8,0.32,0.5744502272709596,0.7232511701261702,Dm8Nbn
426,0.1,0.04,0.21612903225806449,0.3,Dm8Nbn
427,0.1,0.1,0.17337820909249482,0.24314574314574314,Dm8Nbn
428,0.1,0.04,0.08888888888888888,0.1111111111111111,Dm8Nbn
429,0.3,0.08,0.5407586763518968,0.6547619047619048,Dm8Nbn
430,0.3,0.1,0.31666666666666665,0.35416666666666663,Dm8Nbn
431,0.5,0.36,0.522329509969596,0.6406517094017093,Dm8Nbn
432,0.0,0.0,0.0,0.0,Dm8Nbn
433,0.0,0.0,0.0,0.0,Dm8Nbn
434,0.0,0.22,0.17976104305946114,0.08125,Dm8Nbn
435,0.1,0.1,0.14111650307423387,0.20833333333333331,Dm8Nbn
436,0.0,0.06,0.06855818414322251,0.08333333333333334,Dm8Nbn
437,0.1,0.02,0.0863936869936375,0.25,Dm8Nbn
438,0.0,0.02,0.037037037037037035,0.0,Dm8Nbn
439,1.0,0.4,0.6999065160888198,0.9819004524886878,Dm8Nbn
440,0.0,0.04,0.0625724952801171,0.06666666666666667,Dm8Nbn
441,0.4,0.18,0.514205164276551,0.601533423684159,Dm8Nbn
442,0.0,0.0,0.0,0.0,Dm8Nbn
443,0.0,0.0,0.02667641325536062,0.0,Dm8Nbn
444,0.1,0.04,0.282258064516129,0.5,Dm8Nbn
445,0.0,0.1,0.09915225705666882,0.07692307692307693,Dm8Nbn
446,0.0,0.08,0.07597865934468559,0.0,Dm8Nbn
447,0.0,0.02,0.047619047619047616,0.0,Dm8Nbn
448,0.0,0.02,0.05555555555555555,0.05555555555555555,Dm8Nbn
449,0.1,0.06,0.09978325569358176,0.16666666666666666,Dm8Nbn
450,0.7,0.7,0.6799003763842733,0.6797208277250293,Dm8Nbn
401,0.2,0.12,0.1981188549286081,0.46249999999999997,Flab8at
402,0.6,0.3,0.4507532174925814,0.8064425770308122,Flab8at
403,0.9,0.4,0.8452684876618951,0.9260511600972128,Flab8at
404,0.2,0.2,0.20864244124876544,0.1743247006404901,Flab8at
405,0.5,0.22,0.41145928918786223,0.52765492161777,Flab8at
406,0.5,0.18,0.45496450157729174,0.6220760233918128,Flab8at
407,0.9,0.54,0.6993311658593899,0.9254615267773162,Flab8at
408,0.3,0.36,0.41934782163008616,0.5914086687306501,Flab8at
409,0.2,0.1,0.2383863819523678,0.4338235294117647,Flab8at
410,1.0,0.9,0.9287038528048976,1.0,Flab8at
411,0.5,0.22,0.6730943995050578,0.7024728049728048,Flab8at
412,0.9,0.64,0.7404931308750569,0.9141738345731245,Flab8at
413,0.4,0.26,0.40749719126826117,0.5506474519632414,Flab8at
414,0.5,0.28,0.34939505783421415,0.4791666666666667,Flab8at
415,1.0,0.78,0.85200950707325,0.985328517371861,Flab8at
416,0.3,0.38,0.3666914298350988,0.3350699749596808,Flab8at
417,0.6,0.22,0.5228418401715023,0.7931623931623931,Flab8at
418,0.6,0.34,0.48424619305913086,0.8887362637362637,Flab8at
419,0.1,0.06,0.1356521739130435,0.2,Flab8at
420,0.9,0.32,0.6740717457850073,0.943793243793244,Flab8at
421,0.1,0.1,0.14532430213464695,0.15456349206349207,Flab8at
422,0.9,0.8,0.8600740870064941,0.96480150509603,Flab8at
423,0.9,0.28,0.7618477818477818,0.8700829263329264,Flab8at
424,0.4,0.26,0.35271660765227714,0.6307692307692307,Flab8at
425,1.0,0.86,0.8654223223810584,0.9817801404957179,Flab8at
426,0.4,0.32,0.33574142887114883,0.3543951418951419,Flab8at
427,0.4,0.26,0.29620406213906064,0.3900793650793651,Flab8at
428,0.4,0.46,0.46764451779053096,0.5069276556776556,Flab8at
429,0.2,0.22,0.29305394263857354,0.29890501655207535,Flab8at
430,0.4,0.12,0.692857142857143,0.692857142857143,Flab8at
431,1.0,0.68,0.7707035454232185,0.970367166474433,Flab8at
432,0.0,0.0,0.0,0.0,Flab8at
433,0.1,0.04,0.2822522744037374,1.0,Flab8at
434,0.7,0.78,0.7512726044478972,0.6691096601810888,Flab8at
435,0.2,0.34,0.30808997505952235,0.2373015873015873,Flab8at
436,0.5,0.44,0.6188770428330588,0.700515962167546,Flab8at
437,0.0,0.06,0.07952949295660293,0.0,Flab8at
438,0.0,0.18,0.206629490098319,0.05,Flab8at
439,0.1,0.08,0.1532226010913197,0.3055555555555556,Flab8at
440,0.1,0.34,0.3268200414848206,0.22087453668336024,Flab8at
441,0.8,0.3,0.6654968367098302,0.8294569757727652,Flab8at
442,0.0,0.02,0.04060705496308449,0.0,Flab8at
443,0.6,0.32,0.43724312216261035,0.527601809954751,Flab8at
444,0.9,0.26,0.8095657120657119,0.9909090909090909,Flab8at
445,0.8,0.3,0.6422652822322551,0.9055916305916305,Flab8at
446,0.9,0.74,0.7961712800743371,0.928660328471383,Flab8at
447,0.1,0.1,0.12872734119382498,0.18461538461538463,Flab8at
448,0.0,0.0,0.019139566395663957,0.0,Flab8at
449,0.3,0.2,0.3001174572927544,0.3824184587342482,Flab8at
450,1.0,0.92,0.9148136818844534,1.0,Flab8at
401,0.3,0.1,0.3037556506177693,0.5942982456140351,Flab8ax
402,0.9,0.52,0.661926656649575,0.8950477626948213,Flab8ax
403,1.0,0.4,0.9081710845257644,1.0,Flab8ax
404,0.3,0.26,0.31936829243905956,0.46914682539682534,Flab8ax
405,0.4,0.3,0.42963132447560415,0.6089133089133089,Flab8ax
406,0.5,0.2,0.43853049754378026,0.5474446188731903,Flab8ax
407,1.0,0.52,0.6645848864426376,0.9333333333333333,Flab8ax
408,0.4,0.44,0.4663530498826469,0.6125541125541126,Flab8ax
409,0.2,0.1,0.259827668830824,0.4608516483516483,Flab8ax
410,1.0,0.88,0.9319461494777488,0.9973684210526316,Flab8ax
411,0.7,0.24,0.632198742092408,0.8158458646616541,Flab8ax
412,0.0,0.08,0.23628138954414646,0.12878787878787878,Flab8ax
413,0.6,0.44,0.5268871425177144,0.7732006555535967,Flab8ax
414,0.4,0.34,0.3910284726511824,0.6116013071895424,Flab8ax
415,1.0,0.78,0.8471261318237349,1.0,Flab8ax
416,0.4,0.38,0.41436238818369386,0.46087645272137245,Flab8ax
417,0.0,0.0,0.0,0.0,Flab8ax
418,0.7,0.4,0.5234278943384908,0.8538858802016697,Flab8ax
419,0.3,0.14,0.29197593520133563,0.4784090909090909,Flab8ax
420,0.9,0.34,0.7219980554167456,0.9652417027417027,Flab8ax
421,0.1,0.02,0.13833333333333334,0.25,Flab8ax
422,0.9,0.8,0.8624767183266259,0.9471114466164977,Flab8ax
423,0.9,0.3,0.7358705877740684,0.8983435545935544,Flab8ax
424,0.6,0.56,0.591802345086525,0.6799858816529454,Flab8ax
425,1.0,0.76,0.8157262248761356,0.9780207419994774,Flab8ax
426,0.6,0.42,0.5106412714978286,0.7289040616246499,Flab8ax
427,0.4,0.26,0.3145197995077068,0.46329365079365076,Flab8ax
428,0.5,0.48,0.4973930624473318,0.5701220895000799,Flab8ax
429,0.2,0.22,0.26886940786291436,0.27901936026936025,Flab8ax
430,0.3,0.12,0.5278074866310161,0.5788235294117647,Flab8ax
431,0.8,0.7,0.7340028913097909,0.9263085453633055,Flab8ax
432,0.0,0.0,0.0,0.0,Flab8ax
433,0.1,0.04,0.22149327280906228,1.0,Flab8ax
434,1.0,0.92,0.9271168370908415,0.9817801404957179,Flab8ax
435,0.3,0.36,0.34312792901936723,0.3743055555555555,Flab8ax
436,0.6,0.44,0.5647513761950891,0.7504233976950695,Flab8ax
437,0.0,0.08,0.08296988372570771,0.0,Flab8ax
438,0.2,0.08,0.12807032795838763,0.15833333333333333,Flab8ax
439,0.2,0.08,0.16868721004980464,0.41666666666666663,Flab8ax
440,0.5,0.42,0.5031049350273127,0.5989457437986849,Flab8ax
441,0.8,0.24,0.7618162341846553,0.8106612807270702,Flab8ax
442,0.1,0.1,0.1394544299469475,0.1741452991452991,Flab8ax
443,0.4,0.24,0.31990756228197387,0.557936507936508,Flab8ax
444,0.9,0.22,0.7574665992424013,0.9888888888888889,Flab8ax
445,0.8,0.28,0.6302530410865107,0.8549175970228603,Flab8ax
446,0.6,0.68,0.7060156854283792,0.6722950111218575,Flab8ax
447,1.0,0.28,0.8812754482224625,1.0,Flab8ax
448,0.1,0.18,0.20036764516232303,0.235042735042735,Flab8ax
449,0.5,0.18,0.4114205583385997,0.7238455988455987,Flab8ax
450,0.8,0.78,0.8135996162893511,0.8797427427890915,Flab8ax
401,1.0,0.92,0.9231899905309829,0.9945983379501384,GE8MTD2
402,0.6,0.3,0.5058996209029362,0.8376748251748254,GE8MTD2
403,1.0,0.38,0.905681808794298,0.9963235294117647,GE8MTD2
404,0.4,0.28,0.38070665682955823,0.5427830940988836,GE8MTD2
405,0.6,0.34,0.58172313227528,0.7309105333169506,GE8MTD2
406,0.4,0.18,0.5060379313668788,0.5879750457875459,GE8MTD2
407,0.6,0.38,0.5885808177436026,0.7765728715728717,GE8MTD2
408,0.7,0.36,0.5341534754168016,0.8188754427390791,GE8MTD2
409,0.4,0.14,0.4509248366120205,0.8526315789473685,GE8MTD2
410,1.0,0.74,0.8784826912981769,1.0,GE8MTD2
411,0.8,0.2,0.7633640180878554,0.9390432098765432,GE8MTD2
412,1.0,0.5,0.7635159805970669,0.9511031538121323,GE8MTD2
413,0.6,0.36,0.5224197469921635,0.7128584650643476,GE8MTD2
414,0.9,0.5,0.725070674202649,0.9275059266130696,GE8MTD2
415,0.8,0.94,0.8996329715750051,0.8883463873014958,GE8MTD2
416,0.4,0.32,0.37428465260987137,0.4032434761278931,GE8MTD2
417,0.0,0.14,0.13882053829624721,0.1346153846153846,GE8MTD2
418,0.7,0.32,0.5013040563676672,0.9416666666666667,GE8MTD2
419,0.3,0.18,0.4014541014541015,0.42458018172303885,GE8MTD2
420,0.4,0.28,0.3126212097316756,0.3798802561960457,GE8MTD2
421,0.2,0.16,0.28798863663035396,0.4797979797979797,GE8MTD2
422,0.6,0.3,0.5245784857920077,0.8566544566544566,GE8MTD2
423,0.9,0.24,0.7915848615526296,0.9290209790209792,GE8MTD2
424,0.9,0.56,0.6868303505321257,0.9184870375582449,GE8MTD2
425,1.0,0.82,0.901039142512317,1.0,GE8MTD2
426,0.9,0.76,0.8018303667250648,0.9040416488300905,GE8MTD2
427,0.9,0.38,0.6289279818775622,0.9487807943690297,GE8MTD2
428,0.7,0.42,0.5409364734375047,0.868903318903319,GE8MTD2
429,0.4,0.14,0.6735001566416041,0.7546768707482994,GE8MTD2
430,0.5,0.12,0.6487484737484738,0.6487484737484738,GE8MTD2
431,0.8,0.76,0.786278901495767,0.8598377574867514,GE8MTD2
432,0.0,0.0,0.017857142857142856,0.0,GE8MTD2
433,0.1,0.06,0.14898588428000192,0.22549019607843135,GE8MTD2
434,0.8,0.7,0.7288140721908934,0.8242832231730259,GE8MTD2
435,0.4,0.42,0.4487068390264048,0.6125272331154684,GE8MTD2
436,1.0,0.6,0.7516719077626479,0.9584363553113554,GE8MTD2
437,0.2,0.18,0.2815326380969316,0.4838235294117647,GE8MTD2
438,0.4,0.44,0.520760674035015,0.5977685039991542,GE8MTD2
439,0.4,0.18,0.31752482300960133,0.7875,GE8MTD2
440,0.8,0.2,0.7460898197662903,1.0,GE8MTD2
441,0.8,0.22,0.7463564213564212,0.7709920634920634,GE8MTD2
442,0.0,0.02,0.09090909090909091,0.09090909090909091,GE8MTD2
443,0.5,0.24,0.37474009694201343,0.7861904761904762,GE8MTD2
444,0.7,0.16,0.6075530025530026,0.7968253968253968,GE8MTD2
445,0.9,0.54,0.8125574222692508,0.9487065518283269,GE8MTD2
446,0.9,0.62,0.7110582730891145,0.9265810068199776,GE8MTD2
447,0.0,0.06,0.06033418475947211,0.0,GE8MTD2
448,0.3,0.12,0.5417024167024167,0.7430555555555556,GE8MTD2
449,0.5,0.2,0.4213513261028416,0.5441166915109124,GE8MTD2
450,1.0,0.84,0.8787125693305463,1.0,GE8MTD2
401,0.0,0.02,0.03646775165762508,0.0,isa25t
402,0.0,0.1,0.12521225137324207,0.12878787878787878,isa25t
403,0.3,0.34,0.3876090077138147,0.32862260288730877,isa25t
404,0.0,0.0,0.0,0.0,isa25t
405,0.0,0.0,0.0,0.0,isa25t
406,0.0,0.0,0.0,0.0,isa25t
407,0.8,0.24,0.7388028436941481,0.7843894993894993,isa25t
408,0.6,0.34,0.42264604983474535,0.5677830940988836,isa25t
409,0.0,0.0,0.0,0.0,isa25t
410,0.0,0.0,0.0,0.0,isa25t
411,0.0,0.0,0.0,0.0,isa25t
412,0.0,0.0,0.019294990723562153,0.0,isa25t
413,0.0,0.0,0.0,0.0,isa25t
414,0.0,0.0,0.0,0.0,isa25t
415,0.1,0.12,0.15514976646254458,0.18318250377073908,isa25t
416,0.0,0.0,0.0,0.0,isa25t
417,0.0,0.02,0.026754075124025514,0.0,isa25t
418,0.0,0.0,0.0,0.0,isa25t
419,0.0,0.0,0.0,0.0,isa25t
420,0.3,0.1,0.4446491228070176,0.6555555555555556,isa25t
421,0.0,0.04,0.05555555555555555,0.06666666666666667,isa25t
422,0.0,0.0,0.0,0.0,isa25t
423,0.2,0.06,0.14055730258560445,0.2361111111111111,isa25t
424,0.0,0.08,0.07212096342274502,0.0,isa25t
425,0.1,0.02,1.0,1.0,isa25t
426,0.1,0.04,0.09098243206311261,0.1125,isa25t
427,0.0,0.0,0.0,0.0,isa25t
428,0.1,0.12,0.17430434614342658,0.5,isa25t
429,0.0,0.02,0.04,0.0,isa25t
430,0.0,0.02,0.07692307692307693,0.07692307692307693,isa25t
431,0.2,0.04,0.1736111111111111,0.1736111111111111,isa25t
432,0.0,0.0,0.0,0.0,isa25t
433,0.0,0.0,0.0,0.0,isa25t
434,0.1,0.02,0.5,0.5,isa25t
435,0.0,0.04,0.06061041448972484,0.05,isa25t
436,0.1,0.1,0.1743062802172414,0.18037883169462116,isa25t
437,0.0,0.04,0.10238095238095238,0.10238095238095238,isa25t
438,0.0,0.08,0.08709351432880845,0.09215686274509804,isa25t
439,0.0,0.02,0.02986906710310966,0.0,isa25t
440,0.1,0.02,0.2,0.2,isa25t
441,0.5,0.2,0.6597539394460216,0.7139013764013764,isa25t
442,0.0,0.0,0.0,0.0,isa25t
443,0.2,0.04,0.1612359550561798,0.225,isa25t
444,0.0,0.0,0.0,0.0,isa25t
445,0.2,0.06,0.1984848484848485,0.24444444444444446,isa25t
446,0.0,0.0,0.0,0.0,isa25t
447,0.0,0.0,0.0,0.0,isa25t
448,0.0,0.0,0.010309278350515464,0.0,isa25t
449,0.0,0.0,0.0,0.0,isa25t
450,0.6,0.38,0.4704276229168095,0.5907927856457268,isa25t
401,0.0,0.02,0.039761444483896846,0.0,mds08a2
402,0.5,0.32,0.46562961251848517,0.6950109649122806,mds08a2
403,0.9,0.4,0.7909572372072373,0.8442599934787436,mds08a2
404,0.0,0.16,0.23674750745989653,0.12485380116959065,mds08a2
405,0.4,0.2,0.3055044698004467,0.3874639249639249,mds08a2
406,0.3,0.18,0.30677523490187536,0.4124999999999999,mds08a2
407,0.5,0.38,0.49904766442360565,0.5931182852235483,mds08a2
408,0.4,0.3,0.38130099757544855,0.6118149824032176,mds08a2
409,0.2,0.14,0.24962212193256733,0.40243055555555557,mds08a2
410,1.0,0.86,0.8886492742163136,0.9739721590035261,mds08a2
411,0.4,0.18,0.38578472991263685,0.5033730158730159,mds08a2
412,0.1,0.14,0.14139870126656143,0.18382352941176472,mds08a2
413,0.5,0.3,0.44905196750986853,0.7132962275819418,mds08a2
414,0.3,0.24,0.3179112341487623,0.4368970315398887,mds08a2
415,0.9,0.66,0.6901038418812739,0.8271213419578357,mds08a2
416,0.5,0.36,0.4056351984631196,0.5413832199546486,mds08a2
417,0.1,0.12,0.18543117949949717,0.2699346405228758,mds08a2
418,0.9,0.34,0.5467988766188728,0.8862085769980507,mds08a2
419,0.3,0.1,0.18475268073331025,0.2714285714285714,mds08a2
420,0.6,0.28,0.5419882262640322,0.7519179894179894,mds08a2
421,0.0,0.04,0.06569729697428814,0.09090909090909091,mds08a2
422,0.5,0.26,0.3327859740443402,0.43009259259259264,mds08a2
423,0.9,0.32,0.7433757307885576,0.8365238574062105,mds08a2
424,0.1,0.12,0.11261703534564993,0.125,mds08a2
425,0.9,0.68,0.7670706697853008,0.9193151801556464,mds08a2
426,0.2,0.16,0.18993757590608562,0.2111111111111111,mds08a2
427,0.5,0.24,0.3380643572281452,0.4823934837092732,mds08a2
428,0.3,0.3,0.32910405950520705,0.29741479925303455,mds08a2
429,0.4,0.22,0.3254037612296401,0.3881313131313131,mds08a2
430,0.3,0.1,0.5012300423590745,0.6708333333333333,mds08a2
431,0.9,0.68,0.7328539099699771,0.8153355838025924,mds08a2
432,0.0,0.02,0.023026315789473686,0.0,mds08a2
433,0.2,0.06,0.2882205513784461,0.39285714285714285,mds08a2
434,0.9,0.62,0.7063417693538402,0.9021685323083352,mds08a2
435,0.3,0.14,0.39566993464052286,0.6222222222222222,mds08a2
436,0.2,0.18,0.19470625921713405,0.20543859649122806,mds08a2
437,0.1,0.1,0.11208741905270851,0.14285714285714285,mds08a2
438,0.6,0.26,0.39636286050855857,0.682142857142857,mds08a2
439,0.1,0.06,0.12402685954633463,0.2159090909090909,mds08a2
440,0.0,0.14,0.15125154233849886,0.15606060606060607,mds08a2
441,0.7,0.34,0.6656330183504098,0.7775503663003663,mds08a2
442,0.1,0.1,0.23779169694957286,0.43977591036414565,mds08a2
443,0.2,0.24,0.2700679389584894,0.33484848484848484,mds08a2
444,0.8,0.3,0.7570978875109038,0.9279040404040404,mds08a2
445,0.7,0.28,0.596639506871941,0.86167004048583,mds08a2
446,0.4,0.16,0.3275056166535576,0.6138888888888889,mds08a2
447,0.5,0.28,0.597689365524536,0.7491996639723912,mds08a2
448,0.1,0.04,0.3125,0.3125,mds08a2
449,0.2,0.22,0.2857921635456197,0.35368104118104116,mds08a2
450,0.9,0.84,0.8513193387517474,0.93585381814226,mds08a2
401,0.2,0.1,0.2265566041914081,0.5032679738562091,Mer8Adtd2
402,0.6,0.28,0.46792016720678625,0.7314111814111813,Mer8Adtd2
403,0.7,0.36,0.6014095306567048,0.6710987280825338,Mer8Adtd2
404,0.4,0.38,0.4053438844985551,0.4673895110737217,Mer8Adtd2
405,0.3,0.22,0.2658194085831512,0.3365079365079365,Mer8Adtd2
406,0.4,0.14,0.44788807779003853,0.5401418143014781,Mer8Adtd2
407,0.8,0.36,0.5476776732844348,0.7983105912930474,Mer8Adtd2
408,0.4,0.42,0.4201064876717091,0.5731481481481481,Mer8Adtd2
409,0.3,0.18,0.37716882897803944,0.5359649122807018,Mer8Adtd2
410,1.0,0.82,0.9178060887069555,1.0,Mer8Adtd2
411,0.5,0.16,0.423197720439488,0.6322751322751322,Mer8Adtd2
412,0.7,0.32,0.5604125964231911,0.8041572949467687,Mer8Adtd2
413,0.2,0.1,0.22821452850701562,0.49074074074074076,Mer8Adtd2
414,0.4,0.22,0.347461238763231,0.6722222222222223,Mer8Adtd2
415,0.9,0.68,0.7475483362026893,0.9019518256940857,Mer8Adtd2
416,0.3,0.36,0.3682329852616928,0.3947725114391781,Mer8Adtd2
417,0.8,0.42,0.5817688105829263,0.8858585858585859,Mer8Adtd2
418,0.6,0.42,0.5362155200291087,0.7720609183844477,Mer8Adtd2
419,0.1,0.04,0.24358974358974358,0.24358974358974358,Mer8Adtd2
420,0.7,0.3,0.5562118552772123,0.7184649122807018,Mer8Adtd2
421,0.0,0.04,0.0788690476190476,0.11309523809523808,Mer8Adtd2
422,0.7,0.56,0.6016673076161453,0.7111107317704127,Mer8Adtd2
423,0.7,0.28,0.6826056095246432,0.7686076167984064,Mer8Adtd2
424,0.4,0.4,0.449643253785152,0.5335211629329275,Mer8Adtd2
425,0.8,0.58,0.6451148262949447,0.8173401452348819,Mer8Adtd2
426,0.3,0.14,0.21317083146857943,0.2700757575757575,Mer8Adtd2
427,0.3,0.22,0.3799178497409843,0.5721619389382547,Mer8Adtd2
428,0.1,0.34,0.30220956765836454,0.21857142857142858,Mer8Adtd2
429,0.4,0.16,0.4560980772971369,0.5639747405372405,Mer8Adtd2
430,0.4,0.12,0.48683322791482175,0.5454901960784313,Mer8Adtd2
431,0.9,0.76,0.8010971955529683,0.8999244697129115,Mer8Adtd2
432,0.0,0.02,0.03361581920903955,0.0,Mer8Adtd2
433,0.1,0.04,0.08083028083028082,0.14285714285714285,Mer8Adtd2
434,0.8,0.56,0.6310555128583418,0.7777759131265918,Mer8Adtd2
435,0.2,0.14,0.20471120261070544,0.3145363408521303,Mer8Adtd2
436,0.4,0.2,0.34036574020119315,0.5352704678362573,Mer8Adtd2
437,0.1,0.06,0.10193792558319321,0.14285714285714285,Mer8Adtd2
438,0.6,0.4,0.5083522345942206,0.6655822058202089,Mer8Adtd2
439,0.2,0.14,0.20113192724659226,0.3026315789473684,Mer8Adtd2
440,0.2,0.12,0.34805647511529864,0.4325609031491385,Mer8Adtd2
441,0.7,0.24,0.6549753079164844,0.7313423685972705,Mer8Adtd2
442,0.1,0.08,0.0859058129147988,0.16666666666666666,Mer8Adtd2
443,0.1,0.18,0.20317507435409018,0.19409722222222223,Mer8Adtd2
444,0.9,0.28,0.7830293012862064,0.9558119658119659,Mer8Adtd2
445,0.3,0.24,0.34471298405550155,0.4946581196581197,Mer8Adtd2
446,0.7,0.36,0.5258910720506758,0.8005497198879551,Mer8Adtd2
447,0.0,0.04,0.06044945579829301,0.09090909090909091,Mer8Adtd2
448,0.3,0.08,0.5319047619047619,0.65,Mer8Adtd2
449,0.4,0.24,0.41434050100418435,0.5627217553688142,Mer8Adtd2
450,0.8,0.64,0.7281406425514496,0.8705032894319912,Mer8Adtd2
401,0.3,0.24,0.2954934352521141,0.4736402486402487,MITSLStd
402,0.7,0.36,0.5757644217107133,0.7842869205098307,MITSLStd
403,0.9,0.4,0.8332501959602799,0.8996113006682859,MITSLStd
404,0.4,0.36,0.4395398649094575,0.61984388053467,MITSLStd
405,0.2,0.2,0.3055146301296664,0.3535803482232054,MITSLStd
406,0.4,0.2,0.5183339355788054,0.7226731601731602,MITSLStd
407,0.7,0.48,0.6394611114802058,0.7357390176043427,MITSLStd
408,0.4,0.5,0.49096426849533586,0.7101971557853911,MITSLStd
409,0.4,0.16,0.34968400940623157,0.4593650793650793,MITSLStd
410,1.0,0.84,0.8957151353224551,0.9695861940912452,MITSLStd
411,0.5,0.22,0.5583582358397954,0.6871492704826039,MITSLStd
412,0.8,0.48,0.5896663910036856,0.8370532245532245,MITSLStd
413,0.4,0.18,0.2808539389846598,0.37047619047619046,MITSLStd
414,0.4,0.26,0.37415075002832293,0.5609649122807018,MITSLStd
415,0.9,0.74,0.8136840046924153,0.9240646813531233,MITSLStd
416,0.5,0.38,0.3632450305097336,0.38767184505381097,MITSLStd
417,0.6,0.28,0.47165498404746486,0.7410774410774411,MITSLStd
418,0.7,0.42,0.5187003834633818,0.7924110384894698,MITSLStd
419,0.3,0.1,0.27107255667038277,0.44722222222222224,MITSLStd
420,0.9,0.3,0.6540318966699498,0.91942973805322,MITSLStd
421,0.0,0.1,0.09686464430709957,0.09728506787330317,MITSLStd
422,0.5,0.64,0.6294381673625162,0.6686105904759156,MITSLStd
423,0.9,0.34,0.8072064718143149,0.9210091612402537,MITSLStd
424,0.4,0.64,0.5647890651387113,0.4813651745258838,MITSLStd
425,1.0,0.84,0.849941291306801,0.9973684210526316,MITSLStd
426,0.1,0.32,0.2914321157160327,0.21038510101010102,MITSLStd
427,0.7,0.3,0.5492066319124566,0.8486111111111113,MITSLStd
428,0.5,0.52,0.5023026224216287,0.5663095238095238,MITSLStd
429,0.3,0.22,0.2908958457086799,0.3145378151260504,MITSLStd
430,0.4,0.12,0.7418803418803419,0.7418803418803419,MITSLStd
431,0.9,0.6,0.6949989349131807,0.9027897962568049,MITSLStd
432,0.0,0.0,0.014285714285714285,0.0,MITSLStd
433,0.2,0.1,0.3161446514387691,0.5254901960784314,MITSLStd
434,0.9,0.86,0.8679484312880532,0.9244120192004609,MITSLStd
435,0.2,0.16,0.295441105650733,0.7291666666666666,MITSLStd
436,0.5,0.46,0.47893907232367855,0.5778048340548341,MITSLStd
437,0.1,0.1,0.12251069175362184,0.3333333333333333,MITSLStd
438,0.8,0.46,0.5778820744886928,0.886311787627577,MITSLStd
439,0.1,0.12,0.12689076884922448,0.17763157894736842,MITSLStd
440,0.3,0.2,0.28579004131538743,0.3277050698822039,MITSLStd
441,0.8,0.34,0.7135437634393605,0.8375222816399287,MITSLStd
442,0.2,0.06,0.25877352150537636,0.625,MITSLStd
443,0.5,0.54,0.5700722438402681,0.5964705306119503,MITSLStd
444,1.0,0.32,0.9399012445887446,0.9702380952380952,MITSLStd
445,0.8,0.32,0.7016696826265509,0.9036297036297035,MITSLStd
446,0.5,0.6,0.5919794776487232,0.60194161156728,MITSLStd
447,0.4,0.14,0.25027381986974606,0.4833333333333333,MITSLStd
448,0.1,0.04,0.14039101819589628,0.5,MITSLStd
449,0.2,0.18,0.1778874891503134,0.19365079365079366,MITSLStd
450,0.7,0.86,0.8223014841465528,0.7752121426702562,MITSLStd
401,0.0,0.04,0.055351877402694094,0.09090909090909091,ok8amxc
402,0.6,0.34,0.5375646037423684,0.7330654639478168,ok8amxc
403,1.0,0.36,0.8804584532658206,0.9827786377708978,ok8amxc
404,0.6,0.34,0.44334747721572465,0.5995940170940172,ok8amxc
405,0.3,0.26,0.39711801948245035,0.5136468622536734,ok8amxc
406,0.6,0.18,0.507145374484084,0.7185897435897435,ok8amxc
407,0.9,0.52,0.6808505554658965,0.88047148684035,ok8amxc
408,0.6,0.34,0.4408621985490528,0.6875850340136055,ok8amxc
409,0.3,0.12,0.32527126928684075,0.7777777777777778,ok8amxc
410,1.0,0.88,0.9271726653774224,1.0,ok8amxc
411,0.7,0.24,0.7262089963176921,0.7836247086247087,ok8amxc
412,0.6,0.44,0.5186736109357919,0.6083508937015725,ok8amxc
413,0.9,0.46,0.6589080848283317,0.9066769539983826,ok8amxc
414,0.3,0.16,0.29127146873392235,0.4856060606060606,ok8amxc
415,1.0,0.86,0.898051247082758,1.0,ok8amxc
416,0.5,0.36,0.4568088592417998,0.575643654591023,ok8amxc
417,0.6,0.38,0.504337183558498,0.7337060600218495,ok8amxc
418,0.7,0.66,0.7009180355089502,0.7983401052728781,ok8amxc
419,0.2,0.14,0.3018226251564352,0.5075757575757576,ok8amxc
420,1.0,0.32,0.6921953679110144,0.9438403701561597,ok8amxc
421,0.2,0.14,0.1781824555238836,0.24162087912087912,ok8amxc
422,0.9,0.68,0.7263856607519558,0.9161156147528329,ok8amxc
423,0.8,0.3,0.779785888175834,0.8895795443872369,ok8amxc
424,0.6,0.54,0.5930152983443396,0.729665378481168,ok8amxc
425,1.0,0.84,0.8680834172056118,0.9945983379501384,ok8amxc
426,0.2,0.18,0.24157020575023624,0.28976178190574475,ok8amxc
427,0.6,0.44,0.47066635181862687,0.6324229691876752,ok8amxc
428,0.3,0.48,0.4521639468452549,0.442016499582289,ok8amxc
429,0.4,0.22,0.36772448330889884,0.5042424242424242,ok8amxc
430,0.3,0.12,0.5561038011695907,0.5561038011695907,ok8amxc
431,0.9,0.64,0.7298649094218016,0.882356055250792,ok8amxc
432,0.1,0.12,0.1263996520677029,0.1875,ok8amxc
433,0.1,0.04,0.07067914515203672,0.125,ok8amxc
434,0.9,0.88,0.8689679120216043,0.9160440987612724,ok8amxc
435,0.3,0.32,0.36189996846473677,0.5070300847611772,ok8amxc
436,0.0,0.3,0.28162984829072363,0.09166666666666667,ok8amxc
437,0.1,0.04,0.07631578947368421,0.1,ok8amxc
438,0.6,0.48,0.49937723651527566,0.5709966017241559,ok8amxc
439,0.2,0.06,0.1268862320104556,0.225,ok8amxc
440,0.7,0.32,0.4936117146095904,0.7310846560846561,ok8amxc
441,0.6,0.26,0.6346772770286702,0.8230820105820105,ok8amxc
442,0.2,0.1,0.12398441073133047,0.17142857142857143,ok8amxc
443,0.6,0.26,0.46635891314300254,0.5948680461838357,ok8amxc
444,0.9,0.3,0.8241575509317445,0.9155423280423279,ok8amxc
445,0.6,0.3,0.5345668137162315,0.7668128654970761,ok8amxc
446,0.8,0.7,0.7406760979693975,0.8360100700812775,ok8amxc
447,0.5,0.32,0.587184243155353,0.6688552675394781,ok8amxc
448,0.4,0.16,0.3238209541062802,0.372562358276644,ok8amxc
449,0.4,0.24,0.355516524141578,0.5909090909090909,ok8amxc
450,0.9,0.74,0.7685074186301752,0.8766700225450907,ok8amxc
401,0.0,0.06,0.07696966520495932,0.09215686274509804,pir9Aa1
402,0.6,0.42,0.4969333263255196,0.6602000287294405,pir9Aa1
403,0.9,0.38,0.7668804021216673,0.847111523345076,pir9Aa1
404,0.6,0.28,0.41835641258895345,0.8708333333333332,pir9Aa1
405,0.4,0.18,0.38295638327398757,0.5211991711991713,pir9Aa1
406,0.4,0.16,0.4179107531006265,0.6422222222222221,pir9Aa1
407,0.5,0.36,0.4445355988644939,0.5842444048326401,pir9Aa1
408,0.5,0.46,0.507512182926615,0.7295821462488129,pir9Aa1
409,0.3,0.1,0.3765793397144186,0.7019230769230769,pir9Aa1
410,1.0,0.68,0.805612341014043,0.9846178286129265,pir9Aa1
411,0.6,0.2,0.6075038310834698,0.889848246991104,pir9Aa1
412,0.3,0.22,0.33243945082240617,0.5825,pir9Aa1
413,0.7,0.32,0.5877424448870944,0.8657050020686383,pir9Aa1
414,0.3,0.24,0.2801973433640057,0.3720179738562091,pir9Aa1
415,0.7,0.5,0.5985464124702351,0.7164257382910634,pir9Aa1
416,0.5,0.38,0.43896292646438645,0.6137426900584795,pir9Aa1
417,0.3,0.12,0.30646680409851373,0.9166666666666666,pir9Aa1
418,0.8,0.42,0.5405290831582584,0.7898690881311201,pir9Aa1
419,0.2,0.18,0.2760026712727282,0.3916214779372674,pir9Aa1
420,0.9,0.36,0.6808857680977496,0.8626653439153437,pir9Aa1
421,0.2,0.08,0.16370865674989388,0.24444444444444446,pir9Aa1
422,0.0,0.28,0.2964296424028182,0.21446616678814823,pir9Aa1
423,0.8,0.4,0.780058785432809,0.8534285597443493,pir9Aa1
424,0.4,0.44,0.4504283872418,0.5107866704374057,pir9Aa1
425,0.6,0.38,0.4733112484878778,0.6290601503759399,pir9Aa1
426,0.5,0.46,0.5556721360051197,0.6894131871193508,pir9Aa1
427,0.5,0.3,0.40603890351865557,0.5301112467779134,pir9Aa1
428,0.4,0.46,0.46168674265868187,0.4871038802645895,pir9Aa1
429,0.3,0.22,0.3391229921561555,0.3660769570986289,pir9Aa1
430,0.4,0.12,0.6458333333333333,0.6458333333333333,pir9Aa1
431,0.5,0.4,0.4909860353919183,0.7283125905932925,pir9Aa1
432,0.1,0.02,0.06612903225806452,0.1,pir9Aa1
433,0.3,0.1,0.315545643770443,0.49999999999999994,pir9Aa1
434,0.7,0.46,0.5099500507180835,0.7021460402342756,pir9Aa1
435,0.4,0.22,0.3468141446052958,0.8041666666666667,pir9Aa1
436,0.3,0.22,0.315866007764263,0.5830237358101135,pir9Aa1
437,0.1,0.06,0.09016897816036984,0.11437908496732026,pir9Aa1
438,0.1,0.14,0.15003260928036372,0.17692307692307693,pir9Aa1
439,0.3,0.06,0.15817758127540735,0.2851851851851852,pir9Aa1
440,0.5,0.3,0.3464833964448161,0.38596491228070173,pir9Aa1
441,0.7,0.34,0.7432192437754325,0.7763391039153975,pir9Aa1
442,0.1,0.04,0.0951575556226719,0.2,pir9Aa1
443,0.5,0.24,0.32974983088898696,0.3836500974658869,pir9Aa1
444,0.9,0.3,0.8480481283422459,0.9750688705234158,pir9Aa1
445,0.3,0.3,0.4300670718800094,0.49183348328085164,pir9Aa1
446,0.2,0.24,0.29995783041140245,0.4229347041847042,pir9Aa1
447,0.7,0.32,0.8427328574203574,0.8663885717457146,pir9Aa1
448,0.1,0.04,0.07555442646083212,0.16666666666666666,pir9Aa1
449,0.3,0.18,0.28115365149541854,0.33757282817433193,pir9Aa1
450,0.8,0.72,0.7301183913092469,0.8366248675072206,pir9Aa1
401,0.0,0.0,0.010309278350515464,0.0,plt8ah2
402,0.5,0.3,0.42677696057569775,0.6269841269841269,plt8ah2
403,0.9,0.34,0.6993702763817705,0.7715478965478966,plt8ah2
404,0.3,0.28,0.3134478611664281,0.2990668994870676,plt8ah2
405,0.3,0.1,0.3966161817469007,0.6246503496503497,plt8ah2
406,0.4,0.16,0.39470282887402447,0.5302564102564102,plt8ah2
407,0.4,0.2,0.38710396866959235,0.6090811965811965,plt8ah2
408,0.5,0.3,0.38802125976462887,0.6338068181818182,plt8ah2
409,0.2,0.12,0.23329919345454445,0.4909090909090909,plt8ah2
410,0.0,0.04,0.05701357466063348,0.07692307692307693,plt8ah2
411,0.3,0.12,0.29366116796933023,0.5379901960784313,plt8ah2
412,0.0,0.0,0.0,0.0,plt8ah2
413,0.4,0.22,0.39687169962921043,0.5632343846629561,plt8ah2
414,0.4,0.2,0.3070687600935543,0.51,plt8ah2
415,1.0,0.66,0.7423894048395882,0.9581962719298246,plt8ah2
416,0.5,0.38,0.47877847380824606,0.6114041913061522,plt8ah2
417,0.1,0.04,0.28125,0.5,plt8ah2
418,0.7,0.36,0.5645401707746656,0.8235770402437069,plt8ah2
419,0.3,0.08,0.15292284205327683,0.22962962962962963,plt8ah2
420,0.6,0.24,0.5469062403999274,0.6928153717627401,plt8ah2
421,0.2,0.08,0.3570995284822225,0.519298245614035,plt8ah2
422,0.0,0.12,0.12410372031853306,0.09126984126984126,plt8ah2
423,0.6,0.32,0.6143172737005964,0.7315014778250072,plt8ah2
424,0.1,0.02,0.10087719298245613,0.16666666666666666,plt8ah2
425,0.9,0.6,0.7353178946239913,0.8830439171359256,plt8ah2
426,0.0,0.04,0.05372226863454934,0.0,plt8ah2
427,0.4,0.24,0.3154720224098159,0.49861111111111106,plt8ah2
428,0.1,0.18,0.17833141254828422,0.1988888888888889,plt8ah2
429,0.0,0.0,0.0,0.0,plt8ah2
430,0.3,0.12,0.5883190883190883,0.6615384615384615,plt8ah2
431,1.0,0.64,0.7338533245826594,0.9642508798391152,plt8ah2
432,0.0,0.0,0.0,0.0,plt8ah2
433,0.0,0.02,0.04696856768356936,0.07692307692307693,plt8ah2
434,0.8,0.58,0.6223006701168561,0.7744438254053639,plt8ah2
435,0.3,0.1,0.4183876183876184,0.7166666666666667,plt8ah2
436,0.1,0.1,0.1278518919868791,0.19090909090909092,plt8ah2
437,0.0,0.08,0.09266431784602847,0.0900735294117647,plt8ah2
438,0.2,0.2,0.2951874558433273,0.6000000000000001,plt8ah2
439,0.2,0.06,0.13203497615262322,0.2,plt8ah2
440,0.0,0.06,0.056002331002331,0.0,plt8ah2
441,0.7,0.22,0.572600916494189,0.8442401960784314,plt8ah2
442,0.1,0.04,0.16346153846153846,0.25,plt8ah2
443,0.3,0.26,0.30054667124855283,0.31212486344065293,plt8ah2
444,0.0,0.02,0.0625,0.0625,plt8ah2
445,0.5,0.16,0.4971058342727347,0.6627344877344877,plt8ah2
446,0.0,0.06,0.06389670172564908,0.0,plt8ah2
447,0.4,0.2,0.46883925492820455,0.7430555555555555,plt8ah2
448,0.1,0.06,0.391232423490488,1.0,plt8ah2
449,0.5,0.18,0.3707196447479698,0.6188492063492063,plt8ah2
450,1.0,0.78,0.8375328204224105,0.9903478419231471,plt8ah2
401,0.0,0.0,0.0,0.0,ric8dpn
402,0.5,0.32,0.47063717375583486,0.7058596009253904,ric8dpn
403,0.9,0.32,0.791342571461156,0.9011537190633829,ric8dpn
404,0.2,0.22,0.25157419173977597,0.16620370370370371,ric8dpn
405,0.4,0.18,0.31641352232291603,0.42777777777777776,ric8dpn
406,0.5,0.2,0.4075367222823131,0.611111111111111,ric8dpn
407,0.3,0.3,0.3507608318644015,0.4840129233511587,ric8dpn
408,0.4,0.28,0.3891542189158197,0.6923705379587731,ric8dpn
409,0.2,0.16,0.213469576894054,0.3138888888888889,ric8dpn
410,0.9,0.82,0.8448903570208727,0.944319392481157,ric8dpn
411,0.4,0.18,0.4068086219590202,0.551797385620915,ric8dpn
412,0.7,0.56,0.5927010545319079,0.6743581192138246,ric8dpn
413,0.0,0.12,0.1301813088851394,0.08333333333333333,ric8dpn
414,0.3,0.24,0.27248382699328044,0.36737012987012985,ric8dpn
415,0.9,0.66,0.7511581138647412,0.9013502380617319,ric8dpn
416,0.4,0.4,0.437832953067209,0.5312042124542125,ric8dpn
417,0.8,0.46,0.5689692224330155,0.8453093203093203,ric8dpn
418,0.6,0.5,0.5521443489197014,0.7951065282404994,ric8dpn
419,0.2,0.14,0.3006383169465606,0.48068181818181815,ric8dpn
420,0.9,0.22,0.7188202841340231,0.9809090909090908,ric8dpn
421,0.3,0.16,0.3248954265187853,0.6096503496503496,ric8dpn
422,0.8,0.18,0.5971332823431773,0.959375,ric8dpn
423,0.9,0.32,0.7462008306706386,0.9326548451548452,ric8dpn
424,0.2,0.34,0.33039156565789823,0.28098208980561923,ric8dpn
425,0.7,0.56,0.6117271511349595,0.723017380489185,ric8dpn
426,0.1,0.1,0.21079868941993538,1.0,ric8dpn
427,0.5,0.24,0.4264254162837763,0.9047619047619048,ric8dpn
428,0.2,0.42,0.4014997167464102,0.2684042809042809,ric8dpn
429,0.4,0.22,0.3615960249427991,0.43174603174603177,ric8dpn
430,0.3,0.12,0.6817460317460319,0.6817460317460319,ric8dpn
431,0.7,0.54,0.5773108259254359,0.6351892173873599,ric8dpn
432,0.0,0.0,0.027766042049803666,0.0,ric8dpn
433,0.3,0.1,0.26333510544036853,0.2949494949494949,ric8dpn
434,1.0,0.82,0.8396441317971398,0.9597720512353549,ric8dpn
435,0.3,0.32,0.34517847102530436,0.5333333333333333,ric8dpn
436,0.4,0.32,0.3897963169043779,0.49859584859584855,ric8dpn
437,0.0,0.06,0.07653653994065159,0.08333333333333333,ric8dpn
438,0.6,0.36,0.461887633245024,0.6771885521885523,ric8dpn
439,0.1,0.06,0.10008379798240243,0.16666666666666666,ric8dpn
440,0.7,0.38,0.5456207829906038,0.8047596194655018,ric8dpn
441,0.7,0.34,0.6970474884133301,0.8216013071895425,ric8dpn
442,0.3,0.08,0.5211689939133548,0.75,ric8dpn
443,0.3,0.16,0.23716526080105638,0.342967032967033,ric8dpn
444,0.9,0.32,0.8249379126494599,0.9000548147309282,ric8dpn
445,0.6,0.3,0.5039081402149329,0.5906052281052282,ric8dpn
446,0.0,0.0,0.0,0.0,ric8dpn
447,0.5,0.26,0.4662324722957838,0.7903138528138527,ric8dpn
448,0.1,0.04,0.1858974358974359,0.25,ric8dpn
449,0.4,0.18,0.33599561441234554,0.42025335775335776,ric8dpn
450,0.7,0.7,0.6693122656846039,0.7071215315963215,ric8dpn
401,0.0,0.0,0.031157101230463235,0.0,UB99T
402,0.0,0.06,0.07117780955295078,0.06666666666666667,UB99T
403,0.5,0.16,0.3463464545606708,0.4859649122807017,UB99T
404,0.1,0.18,0.16947122603644707,0.13831908831908832,UB99T
405,0.1,0.1,0.12264947889125159,0.14835164835164835,UB99T
406,0.0,0.0,0.019230769230769232,0.0,UB99T
407,0.1,0.06,0.20919090199604984,1.0,UB99T
408,0.0,0.06,0.07376284760758116,0.058823529411764705,UB99T
409,0.1,0.08,0.1120580808080808,0.1111111111111111,UB99T
410,0.0,0.02,0.030303030303030304,0.0,UB99T
411,0.1,0.04,0.07055694618272841,0.125,UB99T
412,0.2,0.08,0.18295454545454545,0.24318181818181817,UB99T
413,0.0,0.1,0.08662540786142339,0.08333333333333333,UB99T
414,0.0,0.14,0.11034209923746659,0.10049019607843138,UB99T
415,0.4,0.32,0.4137790369225044,0.5453024372142019,UB99T
416,0.3,0.18,0.25626968522600513,0.291859243697479,UB99T
417,0.2,0.08,0.17309639352918518,0.41666666666666663,UB99T
418,0.0,0.04,0.07045454545454546,0.05,UB99T
419,0.2,0.1,0.2845490716180371,0.6,UB99T
420,0.3,0.08,0.23346560846560843,0.26190476190476186,UB99T
421,0.0,0.04,0.04228702386597124,0.0,UB99T
422,0.1,0.06,0.17106037802664778,0.5,UB99T
423,0.4,0.18,0.5152792410375829,0.6562049062049063,UB99T
424,0.1,0.16,0.1724761351372635,0.17965367965367965,UB99T
425,0.2,0.14,0.2658055370494284,0.4963235294117647,UB99T
426,0.2,0.04,0.1978021978021978,0.26785714285714285,UB99T
427,0.0,0.1,0.08577727188980384,0.058823529411764705,UB99T
428,0.0,0.02,0.02702702702702703,0.0,UB99T
429,0.2,0.06,0.3232323232323232,0.41666666666666663,UB99T
430,0.1,0.02,0.125,0.125,UB99T
431,0.8,0.5,0.7459010999089384,0.9034950394784956,UB99T
432,0.0,0.0,0.0,0.0,UB99T
433,0.0,0.0,0.0,0.0,UB99T
434,0.1,0.3,0.2596454870254779,0.18535247432306257,UB99T
435,0.5,0.26,0.4212003954305601,0.771164021164021,UB99T
436,0.0,0.04,0.05624478446082287,0.0,UB99T
437,0.1,0.08,0.10371985096249803,0.14090909090909093,UB99T
438,0.4,0.3,0.3432619924739402,0.43786127980206924,UB99T
439,0.0,0.02,0.0393028024606972,0.05263157894736842,UB99T
440,0.3,0.08,0.2202143212641533,0.3416666666666666,UB99T
441,0.1,0.04,0.5833333333333334,0.5833333333333334,UB99T
442,0.0,0.0,0.0,0.0,UB99T
443,0.2,0.18,0.24366656160828393,0.37543859649122807,UB99T
444,0.1,0.02,0.5,0.5,UB99T
445,0.5,0.16,0.46888082505729567,0.5514159451659452,UB99T
446,0.0,0.02,0.021980676328502417,0.0,UB99T
447,0.0,0.0,0.0,0.0,UB99T
448,0.1,0.04,0.07555555555555556,0.1111111111111111,UB99T
449,0.1,0.04,0.2916666666666667,0.5,UB99T
450,0.1,0.22,0.2482412006433757,0.20188820467458238,UB99T
